-- insert into LANGUAGE(LABEL) values('english');
-- insert into LANGUAGE(LABEL) values('french');
--             
-- insert into CATEGORY(IDCATEGORY) values (1);
-- insert into CATEGORY(IDCATEGORY) values (2);
-- insert into CATEGORY(IDCATEGORY) values (3);
-- insert into CATEGORY(IDCATEGORY) values (4);
-- insert into CATEGORY(IDCATEGORY) values (5);
-- insert into CATEGORY(IDCATEGORY) values (6);
-- insert into CATEGORY(IDCATEGORY) values (7);
-- insert into CATEGORY(IDCATEGORY) values (8);
-- insert into CATEGORY(IDCATEGORY) values (9);
--       
-- insert into LANGUAGECATEGORY(IDCATEGORY,IDLANGUAGE,LABEL) values(1,1,'Shirt');
-- insert into LANGUAGECATEGORY(IDCATEGORY,IDLANGUAGE,LABEL) values(2,1,'Short');
-- insert into LANGUAGECATEGORY(IDCATEGORY,IDLANGUAGE,LABEL) values(3,1,'Training');
-- insert into LANGUAGECATEGORY(IDCATEGORY,IDLANGUAGE,LABEL) values(4,1,'Socks');
-- insert into LANGUAGECATEGORY(IDCATEGORY,IDLANGUAGE,LABEL) values(5,1,'Ball');
-- insert into LANGUAGECATEGORY(IDCATEGORY,IDLANGUAGE,LABEL) values(6,1,'Gloves');
-- insert into LANGUAGECATEGORY(IDCATEGORY,IDLANGUAGE,LABEL) values(7,1,'Bag');
-- insert into LANGUAGECATEGORY(IDCATEGORY,IDLANGUAGE,LABEL) values(8,1,'Shin guard');
-- insert into LANGUAGECATEGORY(IDCATEGORY,IDLANGUAGE,LABEL) values(9,1,'Scarf');
--             
-- insert into LANGUAGECATEGORY(IDCATEGORY,IDLANGUAGE,LABEL) values(1,2,'Maillot');
-- insert into LANGUAGECATEGORY(IDCATEGORY,IDLANGUAGE,LABEL) values(2,2,'Short');
-- insert into LANGUAGECATEGORY(IDCATEGORY,IDLANGUAGE,LABEL) values(3,2,'Training');
-- insert into LANGUAGECATEGORY(IDCATEGORY,IDLANGUAGE,LABEL) values(4,2,'Bas');
-- insert into LANGUAGECATEGORY(IDCATEGORY,IDLANGUAGE,LABEL) values(5,2,'Ballon');
-- insert into LANGUAGECATEGORY(IDCATEGORY,IDLANGUAGE,LABEL) values(6,2,'Gants');
-- insert into LANGUAGECATEGORY(IDCATEGORY,IDLANGUAGE,LABEL) values(7,2,'Sac');
-- insert into LANGUAGECATEGORY(IDCATEGORY,IDLANGUAGE,LABEL) values(8,2,'Protège tibia');
-- insert into LANGUAGECATEGORY(IDCATEGORY,IDLANGUAGE,LABEL) values(9,2,'Echarpe');
-- 
-- 
-- INSERT INTO ITEM(PRICE,IMAGESRC, IDCATEGORY) VALUES(12.3,'resources/images/manchester.png',1);
-- INSERT INTO ITEM(PRICE,IMAGESRC, IDCATEGORY) VALUES(15,'resources/images/Maillot/clubs/acmilanD.jpg',1);
-- INSERT INTO ITEM(PRICE,IMAGESRC, IDCATEGORY) VALUES(15,'resources/images/Maillot/clubs/acmilanE.jpg',1);
-- INSERT INTO ITEM(PRICE,IMAGESRC, IDCATEGORY) VALUES(15,'resources/images/Maillot/clubs/arsenalDomicile.png',1);
-- INSERT INTO ITEM(PRICE,IMAGESRC, IDCATEGORY) VALUES(15,'resources/images/Maillot/clubs/arsenalExterieur.png',1);
-- INSERT INTO ITEM(PRICE,IMAGESRC, IDCATEGORY) VALUES(15,'resources/images/Maillot/clubs/barca.png',1);
-- INSERT INTO ITEM(PRICE,IMAGESRC, IDCATEGORY) VALUES(15,'resources/images/Maillot/clubs/barcelone.png',1);
-- INSERT INTO ITEM(PRICE,IMAGESRC, IDCATEGORY) VALUES(15,'resources/images/Maillot/clubs/bayernD.jpg',1);
-- INSERT INTO ITEM(PRICE,IMAGESRC, IDCATEGORY) VALUES(15,'resources/images/Maillot/clubs/bayernE.jpg',1);
-- INSERT INTO ITEM(PRICE,IMAGESRC, IDCATEGORY) VALUES(12,'resources/images/short/clubs/arsenalD.png',2);

-- INSERT INTO LANGUAGEITEM(LABEL,IDLANGUAGE,IDITEM) VALUES('AC Milan Domicile', 2, 2);
-- INSERT INTO LANGUAGEITEM(LABEL,IDLANGUAGE,IDITEM) VALUES('AC Milan Extérieur', 2, 3);
-- INSERT INTO LANGUAGEITEM(LABEL,IDLANGUAGE,IDITEM) VALUES('AC Milan Home', 1, 2);
-- INSERT INTO LANGUAGEITEM(LABEL,IDLANGUAGE,IDITEM) VALUES('AC Milan Away', 1, 3);
-- INSERT INTO LANGUAGEITEM(LABEL,IDLANGUAGE,IDITEM) VALUES('Arsenal Domicile', 2, 4);
-- INSERT INTO LANGUAGEITEM(LABEL,IDLANGUAGE,IDITEM) VALUES('Arsenal Home', 1, 4);
-- INSERT INTO LANGUAGEITEM(LABEL,IDLANGUAGE,IDITEM) VALUES('Arsenal Extérieur', 2, 5);
-- INSERT INTO LANGUAGEITEM(LABEL,IDLANGUAGE,IDITEM) VALUES('Arsenal Away', 1, 5);
-- INSERT INTO LANGUAGEITEM(LABEL,IDLANGUAGE,IDITEM) VALUES('Barcelone Extérieur', 2, 6);
-- INSERT INTO LANGUAGEITEM(LABEL,IDLANGUAGE,IDITEM) VALUES('Barcelona Away', 1, 6);
-- INSERT INTO LANGUAGEITEM(LABEL,IDLANGUAGE,IDITEM) VALUES('Barcelone Domicile', 2, 7);
-- INSERT INTO LANGUAGEITEM(LABEL,IDLANGUAGE,IDITEM) VALUES('Barcelone Home', 1, 7);
-- INSERT INTO LANGUAGEITEM(LABEL,IDLANGUAGE,IDITEM) VALUES('Bayern Munich Domicile', 2, 8);
-- INSERT INTO LANGUAGEITEM(LABEL,IDLANGUAGE,IDITEM) VALUES('Bayern Munich Home', 1, 8);
-- INSERT INTO LANGUAGEITEM(LABEL,IDLANGUAGE,IDITEM) VALUES('Bayern Munich Extérieur', 2, 9);
-- INSERT INTO LANGUAGEITEM(LABEL,IDLANGUAGE,IDITEM) VALUES('Bayern Munich Away', 1, 9);
-- INSERT INTO LANGUAGEITEM(LABEL,IDLANGUAGE,IDITEM) VALUES('Short Arsenal Domicile', 2, 10);
-- INSERT INTO LANGUAGEITEM(LABEL,IDLANGUAGE,IDITEM) VALUES('Short Arsenal Home', 1, 10);

-- INSERT INTO PROMOTION(WEEKNUMBER) VALUES(51);
-- INSERT INTO PROMOTION(WEEKNUMBER) VALUES(52);

-- INSERT INTO "MAX".PROMOTIONCATEGORY(PERCENTAGE,IDPROMOTION,IDCATEGORY) VALUES(0.1,1,1);